Tuples,runtime
65536,0.0793538800
131072,0.1535814000
262144,0.2972574000
