Tuples,CollLeft,PartLeft,CollRight,PartRight,SettPart,SettRedPart,BuildKey,BuildVal,ProbeKey,ProbAndBuildTup,Append,BuildHT,ProbeHT,PerfBuildProb,Runtime,Complete,BucketSearchTime,ExtractingValueBuild,WritingDataBuild,OrderingHashBuild,GettingHT,gettingDChunk,extractingValProbe,writingDataProbe,orderingHashProbe,remaining
65536,0.0082105590,0.0059717240,0.0060727250,0.0060727250,0.0000005874,0.0000015520,0.0085420360,0.0085776051,0.0215711046,0.0057591861,0.0056455708,0.0496053900,0.0688437500,0.1191540000,0.1702711566,0.1484049000,0.0039396822,0.0070024870,0.0037643610,0.0000168539,0.0000904180,0.0000377693,0.0069174720,0.0037030340,0.0000117092,0.0000083576
131072,0.0126905970,0.0115215700,0.0093868240,0.0093868240,0.0000007849,0.0000017463,0.0179120131,0.0180486313,0.0480630470,0.0121771462,0.0118610807,0.1040863100,0.1482360000,0.2531051000,0.3494665039,0.3013978000,0.0088598675,0.0147482200,0.0079310850,0.0000363138,0.0001819864,0.0000501156,0.0146206300,0.0076879730,0.0000294132,0.0000102432
262144,0.0178904900,0.0231539200,0.0159200300,0.0159200300,0.0000007157,0.0000019734,0.0342082300,0.0344807710,0.0886851020,0.0234160530,0.0227456100,0.2019331000,0.2838084000,0.4865871000,0.6644736515,0.5699516000,0.0188230214,0.0281991600,0.0151130600,0.0000619293,0.0003186938,0.0000582807,0.0282604600,0.0149445000,0.0000554128,0.0000104744
